"id";"nom";"quantite";"categorie";"prix_unitaire"
"1";"Oriental Soft Hat";"35967";"Garden";"918.00"
"2";"Oriental Soft Salad";"78277";"Books";"78.00"
"3";"Elegant Steel Gloves";"96966";"Grocery";"483.00"
"4";"Intelligent Frozen Mouse";"07167";"Health";"571.00"
"5";"Bespoke Metal Soap";"67255";"Jewelery";"215.00"
"6";"Intelligent Concrete Keyboard";"86865";"Beauty";"365.00"
"7";"Small Metal Car";"19716";"Movies";"536.00"
"8";"Small Frozen Chair";"72437";"Health";"375.00"
"9";"Intelligent Granite Chair";"33966";"Clothing";"440.00"
"10";"Gorgeous Frozen Pizza";"41450";"Electronics";"824.00"
"11";"Generic Metal Bike";"03062";"Health";"516.00"
"12";"Unbranded Fresh Soap";"32599";"Beauty";"216.00"
"13";"Bespoke Steel Bike";"37860";"Jewelery";"641.00"
"14";"Electronic Frozen Table";"92264";"Clothing";"80.00"
"15";"Intelligent Concrete Tuna";"61646";"Computers";"744.00"
"16";"Refined Cotton Computer";"69989";"Games";"479.00"
"17";"Bespoke Concrete Hat";"80963";"Home";"699.00"
"18";"Oriental Rubber Mouse";"14237";"Books";"900.00"
"19";"Licensed Soft Mouse";"31866";"Games";"81.00"
"20";"Generic Frozen Gloves";"61314";"Music";"948.00"
"21";"Bespoke Concrete Pants";"50902";"Music";"268.00"
"22";"Generic Steel Bacon";"56989";"Baby";"161.00"
"23";"Practical Steel Fish";"00627";"Garden";"293.00"
"24";"Bespoke Rubber Hat";"94781";"Computers";"468.00"
"25";"Bespoke Wooden Shirt";"33130";"Books";"141.00"
"26";"Rustic Metal Shirt";"31869";"Automotive";"951.00"
"27";"Refined Rubber Chicken";"77438";"Electronics";"283.00"
"28";"Awesome Frozen Car";"50797";"Grocery";"846.00"
"29";"Fantastic Soft Table";"77932";"Computers";"469.00"
"30";"Sleek Granite Keyboard";"64508";"Books";"677.00"
"31";"Incredible Wooden Chair";"39619";"Jewelery";"386.00"
"32";"Small Cotton Towels";"62594";"Beauty";"288.00"
"33";"Fantastic Soft Fish";"01571";"Kids";"872.00"
"34";"Practical Wooden Shoes";"57167";"Baby";"602.00"
"35";"Unbranded Metal Table";"83009";"Shoes";"995.00"
"36";"Fantastic Bronze Ball";"74629";"Health";"825.00"
"37";"Generic Wooden Mouse";"79726";"Games";"738.00"
"38";"Unbranded Rubber Mouse";"43288";"Outdoors";"972.00"
"39";"Unbranded Metal Ball";"96770";"Music";"881.00"
"40";"Modern Concrete Shirt";"98008";"Jewelery";"76.00"
"41";"Sleek Rubber Ball";"70810";"Garden";"705.00"
"42";"Rustic Wooden Computer";"05891";"Automotive";"218.00"
"43";"Awesome Cotton Tuna";"10246";"Toys";"701.00"
"44";"Tasty Plastic Salad";"43310";"Movies";"579.00"
"45";"Awesome Fresh Ball";"51644";"Shoes";"587.00"
"46";"Ergonomic Steel Soap";"53045";"Tools";"228.00"
"47";"Awesome Wooden Fish";"31274";"Games";"911.00"
"48";"Elegant Granite Shoes";"24509";"Outdoors";"996.00"
"49";"Small Soft Chair";"82149";"Automotive";"171.00"
"50";"Fantastic Bronze Fish";"03340";"Kids";"515.00"
"51";"Luxurious Metal Shoes";"74233";"Grocery";"844.00"
"52";"Practical Metal Fish";"31651";"Garden";"400.00"
"53";"Practical Metal Keyboard";"61630";"Garden";"715.00"
"54";"Unbranded Soft Tuna";"74619";"Shoes";"359.00"
"55";"Fantastic Plastic Tuna";"07058";"Automotive";"396.00"
"56";"Recycled Fresh Hat";"84313";"Clothing";"717.00"
"57";"Bespoke Fresh Gloves";"83711";"Sports";"838.00"
"58";"Intelligent Cotton Ball";"24696";"Tools";"675.00"
"59";"Intelligent Bronze Chips";"10411";"Baby";"742.00"
"60";"Tasty Cotton Chicken";"56540";"Electronics";"889.00"
"61";"Rustic Soft Hat";"62406";"Jewelery";"732.00"
"62";"Oriental Plastic Car";"39153";"Grocery";"300.00"
"63";"Gorgeous Granite Pizza";"63938";"Home";"786.00"
"64";"Ergonomic Cotton Chair";"43898";"Jewelery";"630.00"
"65";"Bespoke Bronze Ball";"99665";"Music";"645.00"
"66";"Tasty Soft Cheese";"43511";"Tools";"508.00"
"67";"Fantastic Steel Shoes";"54787";"Garden";"21.00"
"68";"Handcrafted Wooden Pizza";"31559";"Toys";"746.00"
"69";"Unbranded Concrete Ball";"35129";"Games";"389.00"
"70";"Generic Soft Chair";"29655";"Kids";"767.00"
"71";"Refined Frozen Shirt";"05719";"Home";"359.00"
"72";"Elegant Rubber Fish";"37281";"Music";"638.00"
"73";"Intelligent Granite Tuna";"68071";"Beauty";"609.00"
"74";"Modern Frozen Shirt";"47806";"Beauty";"715.00"
"75";"Small Frozen Car";"39523";"Clothing";"103.00"
"76";"Small Steel Tuna";"25679";"Baby";"650.00"
"77";"Recycled Frozen Chips";"07408";"Garden";"91.00"
"78";"Unbranded Rubber Sausages";"93547";"Clothing";"449.00"
"79";"Gorgeous Frozen Table";"70670";"Industrial";"367.00"
"80";"Ergonomic Rubber Sausages";"97861";"Grocery";"337.00"
"81";"Refined Wooden Chips";"28201";"Outdoors";"579.00"
"82";"Luxurious Steel Chips";"04125";"Games";"996.00"
"83";"Intelligent Metal Bike";"79083";"Garden";"161.00"
"84";"Sleek Wooden Bacon";"49246";"Tools";"266.00"
"85";"Handcrafted Metal Chicken";"46906";"Industrial";"813.00"
"86";"Unbranded Granite Chicken";"39129";"Baby";"745.00"
"87";"Awesome Rubber Gloves";"29940";"Music";"59.00"
"88";"Sleek Rubber Bacon";"35592";"Electronics";"856.00"
"89";"Generic Bronze Mouse";"81970";"Outdoors";"132.00"
"90";"Incredible Soft Mouse";"29108";"Toys";"582.00"
"91";"Recycled Fresh Chicken";"43455";"Books";"935.00"
"92";"Elegant Granite Pants";"15348";"Electronics";"880.00"
"93";"Practical Rubber Soap";"88262";"Jewelery";"679.00"
"94";"Intelligent Soft Tuna";"50908";"Grocery";"89.00"
"95";"Luxurious Metal Soap";"68359";"Home";"701.00"
"96";"Gorgeous Bronze Shirt";"19217";"Jewelery";"774.00"
"97";"Tasty Fresh Keyboard";"31886";"Shoes";"266.00"
"98";"Handcrafted Metal Salad";"52002";"Grocery";"910.00"
"99";"Intelligent Granite Tuna";"22067";"Toys";"493.00"
"100";"Oriental Bronze Mouse";"30763";"Automotive";"339.00"
"101";"Handcrafted Fresh Bacon";"59414";"Tools";"260.00"
"102";"Refined Soft Sausages";"73694";"Sports";"428.00"
"103";"Ergonomic Plastic Towels";"18008";"Tools";"317.00"
"104";"Rustic Wooden Bike";"93683";"Health";"222.00"
"105";"Small Bronze Soap";"35528";"Automotive";"905.00"
"106";"Ergonomic Soft Keyboard";"86510";"Music";"981.00"
"107";"Tasty Soft Fish";"03758";"Jewelery";"566.00"
"108";"Practical Rubber Pants";"45755";"Games";"786.00"
"109";"Incredible Plastic Cheese";"79617";"Clothing";"677.00"
"110";"Practical Rubber Towels";"17405";"Clothing";"128.00"
"111";"Tasty Metal Towels";"89005";"Grocery";"589.00"
"112";"Licensed Soft Car";"20108";"Industrial";"264.00"
"113";"Rustic Plastic Pants";"30871";"Home";"480.00"
"114";"Incredible Fresh Pants";"19341";"Music";"16.00"
"115";"Unbranded Fresh Chips";"66867";"Automotive";"903.00"
"116";"Elegant Plastic Mouse";"90785";"Grocery";"965.00"
"117";"Modern Rubber Hat";"68344";"Tools";"347.00"
"118";"Modern Steel Soap";"91759";"Baby";"642.00"
"119";"Rustic Steel Table";"36272";"Automotive";"900.00"
"120";"Ergonomic Rubber Hat";"51546";"Tools";"979.00"
"121";"Unbranded Concrete Sausages";"12504";"Computers";"622.00"
"122";"Intelligent Frozen Table";"72872";"Books";"350.00"
"123";"Small Metal Chips";"74317";"Home";"160.00"
"124";"Refined Rubber Soap";"06323";"Home";"725.00"
"125";"Licensed Granite Fish";"17996";"Electronics";"486.00"
"126";"Modern Fresh Tuna";"23788";"Movies";"982.00"
"127";"Handmade Bronze Keyboard";"13777";"Grocery";"26.00"
"128";"Small Steel Table";"25363";"Jewelery";"210.00"
"129";"Rustic Frozen Ball";"17691";"Computers";"572.00"
"130";"Fantastic Frozen Tuna";"27324";"Electronics";"649.00"
"131";"Unbranded Rubber Fish";"46706";"Home";"141.00"
"132";"Awesome Rubber Fish";"13412";"Outdoors";"326.00"
"133";"Bespoke Steel Fish";"27133";"Jewelery";"683.00"
"134";"Small Plastic Shoes";"52474";"Kids";"805.00"
"135";"Handcrafted Granite Tuna";"21586";"Garden";"597.00"
"136";"Incredible Granite Hat";"33770";"Games";"704.00"
"137";"Incredible Fresh Pizza";"84008";"Shoes";"801.00"
"138";"Rustic Frozen Sausages";"60042";"Health";"71.00"
"139";"Fantastic Granite Shirt";"82143";"Shoes";"786.00"
"140";"Practical Concrete Chips";"01709";"Beauty";"296.00"
"141";"Licensed Wooden Ball";"21451";"Clothing";"831.00"
"142";"Generic Steel Computer";"32104";"Computers";"213.00"
"143";"Refined Wooden Bike";"14669";"Automotive";"594.00"
"144";"Refined Frozen Gloves";"85188";"Games";"454.00"
"145";"Intelligent Plastic Chicken";"78121";"Garden";"599.00"
"146";"Refined Plastic Bike";"02987";"Sports";"920.00"
"147";"Small Concrete Shirt";"29858";"Garden";"800.00"
"148";"Luxurious Plastic Tuna";"71086";"Industrial";"2.00"
"149";"Rustic Concrete Cheese";"32535";"Games";"512.00"
"150";"Ergonomic Bronze Pizza";"35304";"Beauty";"983.00"
"151";"Intelligent Plastic Hat";"31428";"Games";"239.00"
"152";"Practical Granite Computer";"99949";"Movies";"762.00"
"153";"Recycled Concrete Sausages";"18465";"Garden";"528.00"
"154";"Refined Concrete Tuna";"07369";"Kids";"871.00"
"155";"Ergonomic Plastic Hat";"96498";"Toys";"358.00"
"156";"Generic Concrete Towels";"96439";"Games";"356.00"
"157";"Incredible Rubber Chicken";"69756";"Computers";"906.00"
"158";"Ergonomic Rubber Table";"35103";"Kids";"712.00"
"159";"Refined Fresh Chicken";"42883";"Home";"547.00"
"160";"Rustic Cotton Pizza";"98770";"Computers";"149.00"
"161";"Oriental Concrete Table";"11945";"Jewelery";"303.00"
"162";"Oriental Concrete Sausages";"66892";"Home";"195.00"
"163";"Gorgeous Metal Soap";"85241";"Games";"742.00"
"164";"Small Plastic Bacon";"31033";"Games";"45.00"
"165";"Ergonomic Concrete Shirt";"86001";"Toys";"356.00"
"166";"Sleek Concrete Shoes";"68461";"Toys";"360.00"
"167";"Modern Metal Pants";"60629";"Automotive";"609.00"
"168";"Electronic Soft Salad";"87960";"Baby";"537.00"
"169";"Modern Soft Shoes";"38112";"Beauty";"706.00"
"170";"Incredible Plastic Pants";"13277";"Computers";"876.00"
"171";"Intelligent Steel Table";"54222";"Automotive";"899.00"
"172";"Generic Concrete Tuna";"32259";"Sports";"178.00"
"173";"Gorgeous Steel Chair";"36048";"Sports";"207.00"
"174";"Luxurious Wooden Bacon";"66329";"Beauty";"814.00"
"175";"Refined Soft Car";"87122";"Toys";"685.00"
"176";"Incredible Fresh Fish";"47749";"Computers";"889.00"
"177";"Awesome Fresh Chair";"34726";"Shoes";"536.00"
"178";"Bespoke Steel Shoes";"43044";"Toys";"438.00"
"179";"Oriental Wooden Ball";"56287";"Shoes";"223.00"
"180";"Licensed Rubber Chips";"82278";"Kids";"240.00"
"181";"Modern Granite Chips";"20088";"Tools";"330.00"
"182";"Bespoke Fresh Mouse";"15471";"Industrial";"728.00"
"183";"Unbranded Plastic Chips";"86506";"Movies";"485.00"
"184";"Generic Granite Sausages";"44688";"Outdoors";"887.00"
"185";"Sleek Soft Car";"53802";"Kids";"260.00"
"186";"Refined Cotton Fish";"41321";"Grocery";"989.00"
"187";"Bespoke Cotton Soap";"80116";"Baby";"338.00"
"188";"Luxurious Rubber Ball";"27198";"Home";"358.00"
"189";"Intelligent Plastic Tuna";"35039";"Toys";"595.00"
"190";"Small Cotton Towels";"80739";"Sports";"376.00"
"191";"Recycled Concrete Fish";"27494";"Toys";"733.00"
"192";"Sleek Granite Bacon";"98365";"Shoes";"918.00"
"193";"Recycled Soft Chips";"75631";"Home";"981.00"
"194";"Licensed Cotton Sausages";"66404";"Games";"20.00"
"195";"Awesome Cotton Keyboard";"74165";"Tools";"893.00"
"196";"Electronic Frozen Computer";"78468";"Games";"387.00"
"197";"Generic Bronze Computer";"40964";"Baby";"226.00"
"198";"Oriental Rubber Table";"24430";"Music";"341.00"
"199";"Modern Fresh Soap";"41392";"Movies";"150.00"
"200";"Generic Granite Towels";"08145";"Computers";"720.00"
"201";"Electronic Granite Pizza";"60503";"Electronics";"572.00"
"202";"Unbranded Frozen Fish";"78879";"Music";"848.00"
"203";"Awesome Bronze Salad";"89339";"Movies";"332.00"
"204";"Handmade Frozen Ball";"70354";"Kids";"40.00"
"205";"Tasty Concrete Soap";"30381";"Outdoors";"841.00"
"206";"Handcrafted Granite Chips";"06362";"Home";"931.00"
"207";"Small Metal Sausages";"36254";"Shoes";"296.00"
"208";"Modern Metal Car";"98607";"Jewelery";"765.00"
"209";"Licensed Fresh Sausages";"24935";"Health";"97.00"
"210";"Oriental Frozen Hat";"49989";"Grocery";"36.00"
"211";"Handcrafted Wooden Shoes";"92525";"Health";"685.00"
"212";"Rustic Granite Gloves";"72545";"Movies";"819.00"
"213";"Sleek Soft Shirt";"23428";"Industrial";"901.00"
"214";"Sleek Steel Salad";"92531";"Garden";"48.00"
"215";"Fantastic Steel Hat";"85478";"Beauty";"869.00"
"216";"Ergonomic Bronze Gloves";"41410";"Health";"979.00"
"217";"Tasty Fresh Car";"48724";"Movies";"148.00"
"218";"Generic Plastic Gloves";"78075";"Movies";"288.00"
"219";"Refined Plastic Cheese";"63836";"Industrial";"672.00"
"220";"Incredible Fresh Keyboard";"56617";"Electronics";"578.00"
"221";"Intelligent Frozen Salad";"54603";"Outdoors";"563.00"
"222";"Unbranded Bronze Table";"53142";"Health";"124.00"
"223";"Unbranded Plastic Bacon";"66410";"Music";"358.00"
"224";"Rustic Granite Towels";"64353";"Games";"915.00"
"225";"Awesome Plastic Salad";"18235";"Shoes";"454.00"
"226";"Incredible Concrete Fish";"21583";"Shoes";"237.00"
"227";"Electronic Steel Car";"48711";"Sports";"103.00"
"228";"Handcrafted Steel Mouse";"72689";"Music";"545.00"
"229";"Awesome Granite Computer";"76414";"Sports";"531.00"
"230";"Handmade Fresh Salad";"73751";"Outdoors";"278.00"
"231";"Tasty Frozen Mouse";"48181";"Industrial";"596.00"
"232";"Electronic Concrete Bacon";"95808";"Shoes";"119.00"
"233";"Electronic Bronze Salad";"99374";"Music";"818.00"
"234";"Licensed Metal Bacon";"69776";"Toys";"941.00"
"235";"Generic Frozen Tuna";"79090";"Grocery";"150.00"
"236";"Refined Fresh Cheese";"13773";"Grocery";"1000.00"
"237";"Elegant Frozen Car";"23014";"Health";"632.00"
"238";"Luxurious Steel Mouse";"19214";"Electronics";"43.00"
"239";"Refined Granite Ball";"83500";"Baby";"975.00"
"240";"Tasty Wooden Pants";"24166";"Home";"592.00"
"241";"Refined Steel Chicken";"73657";"Books";"580.00"
"242";"Awesome Fresh Ball";"19249";"Automotive";"848.00"
"243";"Bespoke Frozen Chips";"32633";"Clothing";"226.00"
"244";"Electronic Wooden Sausages";"46240";"Outdoors";"883.00"
"245";"Gorgeous Soft Chicken";"32637";"Health";"55.00"
"246";"Licensed Soft Shirt";"94168";"Electronics";"689.00"
"247";"Electronic Granite Computer";"73245";"Outdoors";"801.00"
"248";"Recycled Bronze Mouse";"97534";"Outdoors";"91.00"
"249";"Incredible Soft Table";"74000";"Computers";"894.00"
"250";"Small Bronze Keyboard";"97626";"Computers";"387.00"
"251";"Handcrafted Metal Salad";"13653";"Health";"711.00"
"252";"Sleek Granite Soap";"37137";"Toys";"186.00"
"253";"Handmade Granite Ball";"98315";"Health";"215.00"
"254";"Oriental Bronze Gloves";"79365";"Games";"878.00"
"255";"Sleek Plastic Chicken";"86551";"Movies";"950.00"
"256";"Small Rubber Sausages";"63054";"Industrial";"153.00"
"257";"Elegant Concrete Bike";"25244";"Garden";"392.00"
"258";"Handcrafted Wooden Salad";"16470";"Games";"319.00"
"259";"Recycled Cotton Soap";"53923";"Garden";"196.00"
"260";"Luxurious Frozen Pizza";"65649";"Outdoors";"766.00"
"261";"Intelligent Cotton Fish";"05416";"Movies";"354.00"
"262";"Incredible Fresh Shoes";"63687";"Kids";"786.00"
"263";"Handcrafted Rubber Mouse";"85757";"Sports";"195.00"
"264";"Licensed Granite Computer";"49478";"Computers";"791.00"
"265";"Incredible Rubber Table";"80131";"Computers";"882.00"
"266";"Generic Fresh Bacon";"73819";"Computers";"939.00"
"267";"Awesome Soft Sausages";"12654";"Computers";"760.00"
"268";"Oriental Concrete Salad";"50439";"Toys";"614.00"
"269";"Handmade Plastic Towels";"51092";"Sports";"223.00"
"270";"Ergonomic Bronze Fish";"60366";"Automotive";"435.00"
"271";"Handmade Frozen Cheese";"37986";"Grocery";"31.00"
"272";"Luxurious Soft Salad";"34806";"Tools";"687.00"
"273";"Licensed Fresh Cheese";"94902";"Games";"739.00"
"274";"Small Granite Keyboard";"44629";"Outdoors";"39.00"
"275";"Awesome Fresh Shoes";"56582";"Beauty";"212.00"
"276";"Small Soft Gloves";"84227";"Books";"106.00"
"277";"Ergonomic Frozen Bike";"76587";"Computers";"189.00"
"278";"Oriental Steel Chicken";"57827";"Garden";"984.00"
"279";"Oriental Bronze Salad";"44753";"Home";"496.00"
"280";"Fantastic Bronze Mouse";"41878";"Industrial";"107.00"
"281";"Practical Steel Bacon";"69390";"Outdoors";"740.00"
"282";"Fantastic Plastic Salad";"47160";"Toys";"112.00"
"283";"Elegant Metal Pants";"30146";"Beauty";"77.00"
"284";"Practical Frozen Car";"28042";"Kids";"99.00"
"285";"Bespoke Concrete Gloves";"16294";"Books";"820.00"
"286";"Luxurious Frozen Bacon";"17218";"Baby";"393.00"
"287";"Generic Steel Chips";"99892";"Beauty";"501.00"
"288";"Intelligent Wooden Gloves";"90787";"Clothing";"574.00"
"289";"Electronic Metal Chair";"31380";"Clothing";"997.00"
"290";"Electronic Soft Sausages";"66177";"Grocery";"50.00"
"291";"Modern Rubber Car";"33900";"Books";"720.00"
"292";"Recycled Bronze Soap";"19765";"Industrial";"475.00"
"293";"Rustic Fresh Soap";"63044";"Computers";"960.00"
"294";"Generic Cotton Table";"56377";"Baby";"581.00"
"295";"Modern Concrete Towels";"15576";"Jewelery";"119.00"
"296";"Luxurious Fresh Chair";"70145";"Garden";"942.00"
"297";"Fantastic Concrete Car";"89195";"Music";"889.00"
"298";"Practical Metal Sausages";"78626";"Shoes";"493.00"
"299";"Handcrafted Fresh Salad";"41047";"Shoes";"84.00"
"300";"Refined Cotton Shirt";"30378";"Grocery";"907.00"
"301";"Modern Steel Shirt";"85912";"Automotive";"715.00"
"302";"Recycled Soft Tuna";"14516";"Music";"542.00"
"303";"Handcrafted Bronze Towels";"22833";"Beauty";"950.00"
"304";"Small Bronze Bike";"29758";"Baby";"33.00"
"305";"Unbranded Soft Soap";"70336";"Garden";"537.00"
"306";"Generic Metal Chips";"47092";"Grocery";"729.00"
"307";"Licensed Granite Table";"48304";"Industrial";"796.00"
"308";"Practical Soft Sausages";"79217";"Toys";"385.00"
"309";"Modern Concrete Bacon";"60735";"Sports";"443.00"
"310";"Ergonomic Wooden Towels";"35530";"Computers";"386.00"
"311";"Modern Cotton Bacon";"28928";"Tools";"448.00"
"312";"Awesome Plastic Car";"95181";"Tools";"786.00"
"313";"Luxurious Bronze Table";"89316";"Toys";"624.00"
"314";"Oriental Wooden Salad";"15376";"Jewelery";"822.00"
"315";"Tasty Cotton Salad";"30427";"Books";"346.00"
"316";"Refined Plastic Sausages";"78974";"Garden";"237.00"
"317";"Generic Concrete Tuna";"82783";"Kids";"165.00"
"318";"Handmade Soft Tuna";"56175";"Music";"442.00"
"319";"Oriental Metal Fish";"27778";"Books";"997.00"
"320";"Modern Plastic Gloves";"39695";"Music";"898.00"
"321";"Generic Steel Shirt";"73075";"Sports";"204.00"
"322";"Gorgeous Concrete Shirt";"86874";"Computers";"225.00"
"323";"Ergonomic Frozen Shirt";"54660";"Computers";"86.00"
"324";"Awesome Fresh Car";"36208";"Movies";"304.00"
"325";"Small Plastic Bacon";"84817";"Clothing";"707.00"
"326";"Rustic Bronze Table";"70376";"Toys";"356.00"
"327";"Ergonomic Bronze Shoes";"72752";"Baby";"101.00"
"328";"Incredible Wooden Gloves";"64107";"Music";"521.00"
"329";"Generic Concrete Computer";"30247";"Books";"467.00"
"330";"Sleek Metal Car";"52675";"Outdoors";"910.00"
"331";"Practical Cotton Bacon";"10024";"Automotive";"107.00"
"332";"Licensed Fresh Hat";"81668";"Baby";"623.00"
"333";"Awesome Cotton Bacon";"76006";"Movies";"753.00"
"334";"Handcrafted Soft Chips";"01126";"Games";"467.00"
"335";"Electronic Fresh Gloves";"22644";"Shoes";"209.00"
"336";"Refined Cotton Hat";"87046";"Books";"539.00"
"337";"Small Rubber Pants";"17649";"Books";"629.00"
"338";"Handmade Bronze Bacon";"98724";"Clothing";"375.00"
"339";"Fantastic Fresh Mouse";"25855";"Books";"295.00"
"340";"Elegant Steel Table";"89275";"Tools";"698.00"
"341";"Sleek Fresh Fish";"24368";"Home";"27.00"
"342";"Luxurious Concrete Chicken";"65975";"Kids";"908.00"
"343";"Practical Concrete Cheese";"93392";"Tools";"638.00"
"344";"Ergonomic Steel Pants";"86954";"Health";"125.00"
"345";"Sleek Soft Towels";"82706";"Tools";"94.00"
"346";"Fantastic Cotton Soap";"44060";"Grocery";"928.00"
"347";"Modern Soft Towels";"09883";"Shoes";"203.00"
"348";"Awesome Concrete Sausages";"43202";"Automotive";"215.00"
"349";"Electronic Rubber Pants";"92819";"Toys";"197.00"
"350";"Practical Cotton Sausages";"55610";"Jewelery";"729.00"
"351";"Modern Metal Chips";"05159";"Outdoors";"678.00"
"352";"Refined Soft Salad";"76862";"Industrial";"812.00"
"353";"Sleek Granite Keyboard";"85254";"Outdoors";"448.00"
"354";"Gorgeous Plastic Tuna";"42824";"Clothing";"868.00"
"355";"Tasty Frozen Sausages";"01864";"Garden";"618.00"
"356";"Generic Rubber Cheese";"40656";"Movies";"406.00"
"357";"Sleek Metal Car";"29361";"Outdoors";"187.00"
"358";"Practical Granite Sausages";"87358";"Automotive";"661.00"
"359";"Generic Wooden Car";"93653";"Baby";"265.00"
"360";"Licensed Steel Sausages";"99934";"Books";"648.00"
"361";"Rustic Concrete Shoes";"71741";"Computers";"923.00"
"362";"Generic Steel Pants";"68773";"Home";"653.00"
"363";"Intelligent Metal Bacon";"35990";"Clothing";"528.00"
"364";"Gorgeous Rubber Table";"89238";"Outdoors";"240.00"
"365";"Small Granite Pants";"43791";"Electronics";"765.00"
"366";"Practical Rubber Tuna";"44962";"Grocery";"571.00"
"367";"Handmade Bronze Pizza";"89046";"Games";"379.00"
"368";"Handcrafted Fresh Hat";"23625";"Books";"117.00"
"369";"Refined Plastic Bike";"01868";"Games";"107.00"
"370";"Bespoke Wooden Shoes";"47170";"Electronics";"525.00"
"371";"Awesome Bronze Chips";"35432";"Industrial";"16.00"
"372";"Elegant Granite Car";"49152";"Beauty";"500.00"
"373";"Elegant Wooden Tuna";"47697";"Books";"401.00"
"374";"Sleek Bronze Pizza";"85445";"Shoes";"261.00"
"375";"Generic Metal Tuna";"38154";"Outdoors";"901.00"
"376";"Unbranded Rubber Car";"37915";"Beauty";"7.00"
"377";"Bespoke Wooden Bike";"26952";"Jewelery";"535.00"
"378";"Luxurious Metal Chair";"75916";"Beauty";"901.00"
"379";"Ergonomic Metal Bacon";"56766";"Baby";"47.00"
"380";"Rustic Concrete Chicken";"61915";"Automotive";"875.00"
"381";"Handcrafted Cotton Shirt";"44876";"Outdoors";"927.00"
"382";"Intelligent Fresh Sausages";"15724";"Garden";"417.00"
"383";"Small Cotton Computer";"43932";"Industrial";"686.00"
"384";"Luxurious Fresh Computer";"86550";"Outdoors";"711.00"
"385";"Licensed Granite Towels";"61254";"Home";"295.00"
"386";"Intelligent Concrete Chair";"47779";"Shoes";"834.00"
"387";"Handcrafted Cotton Pants";"99538";"Music";"219.00"
"388";"Sleek Fresh Chips";"06759";"Sports";"840.00"
"389";"Fantastic Cotton Bike";"74562";"Tools";"211.00"
"390";"Handmade Bronze Salad";"18853";"Industrial";"729.00"
"391";"Tasty Bronze Hat";"47687";"Home";"585.00"
"392";"Rustic Plastic Table";"15928";"Toys";"327.00"
"393";"Modern Soft Chicken";"26166";"Health";"79.00"
"394";"Oriental Metal Fish";"11403";"Tools";"747.00"
"395";"Gorgeous Bronze Mouse";"32541";"Games";"391.00"
"396";"Gorgeous Soft Car";"79954";"Clothing";"357.00"
"397";"Luxurious Cotton Chips";"98483";"Outdoors";"179.00"
"398";"Refined Metal Keyboard";"24732";"Shoes";"946.00"
"399";"Awesome Fresh Bike";"36883";"Games";"870.00"
"400";"Small Soft Soap";"45630";"Garden";"690.00"
"401";"Oriental Plastic Gloves";"47993";"Games";"197.00"
"402";"Modern Steel Pizza";"72103";"Books";"585.00"
"403";"Small Granite Towels";"13707";"Music";"452.00"
"404";"Elegant Metal Cheese";"72876";"Baby";"704.00"
"405";"Modern Metal Bacon";"94145";"Sports";"726.00"
"406";"Recycled Metal Pants";"40832";"Toys";"515.00"
"407";"Rustic Concrete Computer";"73238";"Toys";"339.00"
"408";"Recycled Concrete Bacon";"69252";"Outdoors";"194.00"
"409";"Small Rubber Shoes";"55997";"Music";"908.00"
"410";"Fantastic Wooden Fish";"50049";"Music";"333.00"
"411";"Rustic Steel Shirt";"60886";"Music";"641.00"
"412";"Handmade Concrete Pants";"71943";"Electronics";"849.00"
"413";"Recycled Steel Chicken";"36710";"Tools";"19.00"
"414";"Fantastic Plastic Ball";"87569";"Kids";"378.00"
"415";"Licensed Metal Cheese";"87160";"Toys";"372.00"
"416";"Refined Plastic Table";"32584";"Tools";"260.00"
"417";"Unbranded Metal Hat";"33266";"Baby";"927.00"
"418";"Gorgeous Bronze Chips";"03687";"Music";"708.00"
"419";"Modern Fresh Sausages";"86921";"Grocery";"369.00"
"420";"Intelligent Steel Chair";"16859";"Clothing";"837.00"
"421";"Sleek Wooden Gloves";"32370";"Beauty";"127.00"
"422";"Practical Bronze Bike";"66558";"Industrial";"137.00"
"423";"Ergonomic Rubber Chicken";"87547";"Home";"738.00"
"424";"Modern Frozen Bike";"07258";"Kids";"858.00"
"425";"Ergonomic Cotton Chips";"30077";"Games";"884.00"
"426";"Handmade Rubber Gloves";"95033";"Movies";"500.00"
"427";"Recycled Plastic Shoes";"54308";"Garden";"495.00"
"428";"Licensed Soft Table";"45344";"Toys";"324.00"
"429";"Modern Fresh Towels";"62679";"Clothing";"222.00"
"430";"Unbranded Granite Keyboard";"65997";"Industrial";"263.00"
"431";"Practical Fresh Keyboard";"79304";"Music";"681.00"
"432";"Recycled Fresh Bacon";"25065";"Music";"931.00"
"433";"Fantastic Bronze Chips";"72909";"Automotive";"543.00"
"434";"Handmade Concrete Sausages";"18119";"Health";"799.00"
"435";"Oriental Concrete Chair";"36483";"Kids";"393.00"
"436";"Tasty Rubber Chips";"07371";"Toys";"818.00"
"437";"Electronic Cotton Hat";"31377";"Sports";"825.00"
"438";"Unbranded Steel Salad";"35147";"Home";"301.00"
"439";"Handmade Steel Bacon";"23148";"Baby";"766.00"
"440";"Licensed Cotton Shirt";"67079";"Home";"976.00"
"441";"Practical Plastic Bike";"06611";"Grocery";"958.00"
"442";"Awesome Soft Shoes";"32501";"Baby";"713.00"
"443";"Ergonomic Bronze Mouse";"95946";"Kids";"251.00"
"444";"Handmade Concrete Chair";"78682";"Outdoors";"702.00"
"445";"Luxurious Plastic Ball";"79357";"Baby";"473.00"
"446";"Unbranded Cotton Hat";"42653";"Beauty";"989.00"
"447";"Intelligent Cotton Salad";"35188";"Computers";"637.00"
"448";"Elegant Cotton Soap";"94529";"Industrial";"410.00"
"449";"Elegant Rubber Keyboard";"96592";"Music";"623.00"
"450";"Sleek Soft Tuna";"53456";"Baby";"1.00"
"451";"Small Frozen Tuna";"28591";"Sports";"518.00"
"452";"Sleek Steel Ball";"30137";"Beauty";"508.00"
"453";"Refined Metal Chair";"10485";"Outdoors";"217.00"
"454";"Modern Bronze Mouse";"89096";"Garden";"10.00"
"455";"Electronic Metal Car";"16446";"Electronics";"274.00"
"456";"Awesome Granite Table";"78325";"Books";"1000.00"
"457";"Recycled Steel Salad";"22743";"Garden";"528.00"
"458";"Rustic Metal Shoes";"73596";"Toys";"718.00"
"459";"Sleek Granite Mouse";"66852";"Sports";"895.00"
"460";"Oriental Plastic Towels";"97832";"Sports";"46.00"
"461";"Licensed Steel Mouse";"63849";"Industrial";"598.00"
"462";"Sleek Granite Soap";"12652";"Shoes";"73.00"
"463";"Modern Steel Car";"25021";"Garden";"937.00"
"464";"Practical Metal Chicken";"83793";"Garden";"516.00"
"465";"Handcrafted Granite Chips";"25557";"Health";"694.00"
"466";"Small Bronze Table";"36552";"Health";"736.00"
"467";"Unbranded Plastic Chips";"13052";"Industrial";"451.00"
"468";"Generic Rubber Bacon";"41260";"Industrial";"864.00"
"469";"Unbranded Steel Towels";"88896";"Clothing";"70.00"
"470";"Practical Bronze Shirt";"43504";"Shoes";"447.00"
"471";"Oriental Bronze Fish";"32428";"Automotive";"458.00"
"472";"Modern Metal Fish";"16445";"Automotive";"948.00"
"473";"Handmade Soft Chips";"60030";"Shoes";"691.00"
"474";"Intelligent Wooden Cheese";"54194";"Music";"539.00"
"475";"Elegant Bronze Car";"85889";"Toys";"391.00"
"476";"Refined Soft Shoes";"47337";"Clothing";"855.00"
"477";"Practical Plastic Towels";"61516";"Books";"985.00"
"478";"Fantastic Metal Pants";"69315";"Toys";"245.00"
"479";"Luxurious Granite Cheese";"24576";"Tools";"113.00"
"480";"Gorgeous Plastic Towels";"88252";"Toys";"273.00"
"481";"Handmade Cotton Computer";"56114";"Computers";"75.00"
"482";"Practical Granite Sausages";"77981";"Industrial";"624.00"
"483";"Awesome Steel Shoes";"54401";"Games";"53.00"
"484";"Unbranded Rubber Towels";"33548";"Automotive";"841.00"
"485";"Oriental Frozen Shoes";"21530";"Kids";"224.00"
"486";"Intelligent Rubber Computer";"50640";"Outdoors";"668.00"
"487";"Sleek Frozen Ball";"04066";"Music";"153.00"
"488";"Oriental Plastic Towels";"86864";"Baby";"971.00"
"489";"Refined Frozen Table";"81467";"Garden";"899.00"
"490";"Rustic Wooden Pants";"36871";"Grocery";"41.00"
"491";"Fantastic Cotton Gloves";"55225";"Jewelery";"83.00"
"492";"Ergonomic Granite Salad";"01804";"Shoes";"866.00"
"493";"Fantastic Fresh Chicken";"45715";"Electronics";"957.00"
"494";"Generic Granite Shoes";"90653";"Shoes";"615.00"
"495";"Gorgeous Steel Salad";"81914";"Tools";"208.00"
"496";"Incredible Rubber Table";"31108";"Music";"410.00"
"497";"Sleek Bronze Computer";"12637";"Outdoors";"451.00"
"498";"Rustic Concrete Bike";"81578";"Health";"679.00"
"499";"Luxurious Bronze Sausages";"24832";"Games";"339.00"
"500";"Intelligent Plastic Chicken";"54880";"Garden";"311.00"
"501";"Rustic Cotton Ball";"84547";"Books";"38.00"
"502";"Bespoke Wooden Mouse";"41449";"Beauty";"576.00"
"503";"Oriental Rubber Pizza";"38698";"Shoes";"862.00"
"504";"Awesome Wooden Chicken";"54071";"Tools";"483.00"
"505";"Luxurious Rubber Bacon";"08672";"Sports";"849.00"
"506";"Tasty Plastic Towels";"59118";"Sports";"496.00"
"507";"Handmade Cotton Fish";"09180";"Computers";"549.00"
"508";"Elegant Wooden Cheese";"94964";"Outdoors";"223.00"
"509";"Handmade Soft Pizza";"60364";"Outdoors";"374.00"
"510";"Elegant Cotton Cheese";"11967";"Shoes";"505.00"
"511";"Tasty Granite Fish";"63133";"Home";"826.00"
"512";"Fantastic Plastic Shirt";"00293";"Baby";"105.00"
"513";"Practical Frozen Computer";"11836";"Outdoors";"220.00"
"514";"Licensed Cotton Keyboard";"84562";"Books";"509.00"
"515";"Luxurious Fresh Gloves";"92772";"Sports";"666.00"
"516";"Generic Cotton Towels";"07472";"Toys";"677.00"
"517";"Gorgeous Rubber Tuna";"68167";"Shoes";"21.00"
"518";"Luxurious Frozen Bacon";"14732";"Books";"444.00"
"519";"Intelligent Plastic Gloves";"06508";"Electronics";"581.00"
"520";"Incredible Plastic Chair";"03436";"Automotive";"350.00"
"521";"Unbranded Fresh Hat";"89804";"Jewelery";"161.00"
"522";"Handmade Bronze Sausages";"20358";"Computers";"626.00"
"523";"Handcrafted Rubber Cheese";"34489";"Outdoors";"771.00"
"524";"Elegant Frozen Tuna";"96306";"Electronics";"910.00"
"525";"Tasty Metal Computer";"50731";"Sports";"81.00"
"526";"Sleek Rubber Ball";"04337";"Music";"297.00"
"527";"Luxurious Concrete Mouse";"90173";"Toys";"973.00"
"528";"Incredible Bronze Chair";"59705";"Computers";"493.00"
"529";"Licensed Metal Computer";"17289";"Music";"973.00"
"530";"Bespoke Fresh Gloves";"54464";"Home";"947.00"
"531";"Elegant Bronze Chair";"00689";"Baby";"208.00"
"532";"Recycled Granite Table";"64117";"Computers";"96.00"
"533";"Modern Frozen Ball";"33714";"Toys";"947.00"
"534";"Bespoke Concrete Salad";"38697";"Kids";"57.00"
"535";"Fantastic Concrete Bacon";"06487";"Shoes";"395.00"
"536";"Refined Bronze Shoes";"63369";"Computers";"749.00"
"537";"Small Bronze Fish";"23159";"Home";"285.00"
"538";"Awesome Frozen Bike";"60781";"Industrial";"102.00"
"539";"Refined Steel Pizza";"29701";"Industrial";"575.00"
"540";"Oriental Steel Chicken";"88830";"Tools";"883.00"
"541";"Handmade Plastic Computer";"22930";"Movies";"591.00"
"542";"Electronic Bronze Table";"42550";"Shoes";"710.00"
"543";"Modern Steel Mouse";"31559";"Outdoors";"965.00"
"544";"Ergonomic Plastic Salad";"06756";"Books";"205.00"
"545";"Small Steel Gloves";"44541";"Tools";"41.00"
"546";"Recycled Bronze Cheese";"00089";"Toys";"943.00"
"547";"Incredible Soft Pants";"37193";"Grocery";"910.00"
"548";"Awesome Metal Mouse";"79031";"Grocery";"833.00"
"549";"Handcrafted Wooden Computer";"18557";"Music";"210.00"
"550";"Bespoke Wooden Table";"54797";"Games";"736.00"
"551";"Small Wooden Chips";"07581";"Home";"589.00"
"552";"Handmade Frozen Computer";"10767";"Electronics";"17.00"
"553";"Intelligent Rubber Gloves";"66185";"Garden";"697.00"
"554";"Handmade Concrete Salad";"87771";"Computers";"73.00"
"555";"Bespoke Fresh Pizza";"17020";"Home";"319.00"
"556";"Electronic Granite Ball";"43387";"Outdoors";"319.00"
"557";"Oriental Soft Ball";"06353";"Electronics";"254.00"
"558";"Small Granite Table";"68520";"Garden";"517.00"
"559";"Fantastic Wooden Computer";"93598";"Grocery";"669.00"
"560";"Oriental Fresh Pants";"36588";"Automotive";"524.00"
"561";"Small Metal Keyboard";"06033";"Industrial";"803.00"
"562";"Fantastic Concrete Chips";"27248";"Garden";"175.00"
"563";"Incredible Steel Bacon";"87470";"Health";"765.00"
"564";"Elegant Soft Towels";"57828";"Tools";"619.00"
"565";"Modern Fresh Shirt";"00706";"Electronics";"457.00"
"566";"Luxurious Plastic Fish";"04248";"Computers";"507.00"
"567";"Generic Wooden Pants";"71624";"Books";"17.00"
"568";"Bespoke Bronze Salad";"42942";"Health";"504.00"
"569";"Modern Concrete Table";"55158";"Tools";"770.00"
"570";"Recycled Granite Cheese";"47409";"Baby";"622.00"
"571";"Awesome Steel Fish";"86217";"Jewelery";"784.00"
"572";"Recycled Soft Pants";"99194";"Clothing";"989.00"
"573";"Tasty Wooden Chips";"87614";"Music";"171.00"
"574";"Unbranded Concrete Pants";"46197";"Grocery";"682.00"
"575";"Modern Wooden Soap";"27916";"Games";"271.00"
"576";"Bespoke Wooden Fish";"15319";"Automotive";"432.00"
"577";"Small Fresh Chicken";"66534";"Tools";"842.00"
"578";"Small Concrete Computer";"37164";"Automotive";"680.00"
"579";"Modern Granite Shirt";"41025";"Computers";"633.00"
"580";"Elegant Cotton Bike";"13140";"Health";"937.00"
"581";"Awesome Wooden Car";"66355";"Music";"551.00"
"582";"Oriental Plastic Cheese";"54457";"Toys";"110.00"
"583";"Intelligent Rubber Pizza";"65286";"Books";"573.00"
"584";"Refined Concrete Ball";"93992";"Shoes";"858.00"
"585";"Fantastic Granite Ball";"89937";"Garden";"280.00"
"586";"Sleek Granite Tuna";"26570";"Games";"805.00"
"587";"Practical Rubber Pants";"41874";"Music";"618.00"
"588";"Recycled Concrete Tuna";"44965";"Clothing";"638.00"
"589";"Practical Concrete Chair";"78428";"Tools";"483.00"
"590";"Electronic Rubber Table";"21506";"Clothing";"463.00"
"591";"Oriental Granite Chair";"80699";"Books";"751.00"
"592";"Licensed Fresh Soap";"09888";"Beauty";"961.00"
"593";"Gorgeous Wooden Keyboard";"20311";"Outdoors";"458.00"
"594";"Ergonomic Metal Hat";"15134";"Industrial";"64.00"
"595";"Handmade Cotton Bike";"04936";"Kids";"293.00"
"596";"Electronic Plastic Chair";"27249";"Games";"463.00"
"597";"Practical Wooden Towels";"87956";"Industrial";"629.00"
"598";"Licensed Bronze Keyboard";"29575";"Garden";"317.00"
"599";"Practical Rubber Gloves";"88931";"Music";"842.00"
"600";"Modern Wooden Car";"25547";"Electronics";"442.00"
"601";"Sleek Concrete Computer";"75878";"Outdoors";"521.00"
"602";"Ergonomic Wooden Sausages";"73822";"Outdoors";"931.00"
"603";"Bespoke Soft Sausages";"01182";"Electronics";"20.00"
"604";"Ergonomic Soft Keyboard";"78515";"Sports";"878.00"
"605";"Small Fresh Computer";"53307";"Books";"688.00"
"606";"Modern Rubber Keyboard";"74105";"Movies";"917.00"
"607";"Handmade Concrete Towels";"85728";"Beauty";"638.00"
"608";"Unbranded Wooden Towels";"50512";"Beauty";"106.00"
"609";"Sleek Granite Computer";"04161";"Movies";"179.00"
"610";"Tasty Soft Fish";"63776";"Movies";"966.00"
"611";"Fantastic Granite Keyboard";"48295";"Toys";"248.00"
"612";"Oriental Frozen Sausages";"51970";"Baby";"417.00"
"613";"Sleek Rubber Tuna";"72304";"Movies";"132.00"
"614";"Handmade Steel Shirt";"58576";"Tools";"655.00"
"615";"Electronic Rubber Chips";"29475";"Clothing";"575.00"
"616";"Bespoke Granite Computer";"30654";"Music";"441.00"
"617";"Sleek Concrete Fish";"95010";"Jewelery";"44.00"
"618";"Refined Granite Hat";"74690";"Electronics";"865.00"
"619";"Licensed Steel Pants";"90681";"Outdoors";"823.00"
"620";"Modern Rubber Bacon";"93981";"Garden";"869.00"
"621";"Modern Concrete Chair";"53763";"Toys";"890.00"
"622";"Recycled Steel Table";"46937";"Grocery";"107.00"
"623";"Intelligent Fresh Ball";"34721";"Clothing";"439.00"
"624";"Tasty Granite Shoes";"61217";"Grocery";"787.00"
"625";"Sleek Concrete Sausages";"58435";"Industrial";"600.00"
"626";"Electronic Cotton Soap";"67973";"Books";"69.00"
"627";"Small Soft Fish";"44947";"Books";"964.00"
"628";"Elegant Granite Pizza";"98077";"Toys";"543.00"
"629";"Practical Plastic Chair";"53084";"Garden";"408.00"
"630";"Awesome Plastic Chair";"76081";"Industrial";"759.00"
"631";"Incredible Cotton Soap";"50138";"Toys";"975.00"
"632";"Practical Metal Chicken";"72271";"Games";"648.00"
"633";"Small Soft Tuna";"28670";"Books";"664.00"
"634";"Fantastic Granite Table";"66893";"Movies";"113.00"
"635";"Sleek Metal Cheese";"48935";"Electronics";"352.00"
"636";"Small Concrete Sausages";"23375";"Beauty";"846.00"
"637";"Gorgeous Metal Pants";"38031";"Music";"361.00"
"638";"Intelligent Granite Bike";"44898";"Beauty";"404.00"
"639";"Recycled Soft Sausages";"26103";"Kids";"853.00"
"640";"Refined Frozen Chair";"95786";"Movies";"784.00"
"641";"Refined Bronze Bacon";"47938";"Books";"20.00"
"642";"Recycled Concrete Pants";"07144";"Automotive";"120.00"
"643";"Small Metal Towels";"45784";"Baby";"184.00"
"644";"Licensed Bronze Salad";"77043";"Sports";"3.00"
"645";"Ergonomic Granite Table";"58929";"Electronics";"936.00"
"646";"Bespoke Bronze Gloves";"98370";"Shoes";"263.00"
"647";"Licensed Metal Sausages";"24749";"Outdoors";"210.00"
"648";"Awesome Frozen Pants";"21871";"Industrial";"831.00"
"649";"Licensed Cotton Pizza";"73937";"Beauty";"83.00"
"650";"Tasty Fresh Table";"99842";"Outdoors";"548.00"
"651";"Incredible Rubber Mouse";"63648";"Kids";"603.00"
"652";"Tasty Plastic Salad";"18835";"Grocery";"45.00"
"653";"Awesome Granite Soap";"98854";"Clothing";"137.00"
"654";"Ergonomic Cotton Shoes";"53826";"Electronics";"885.00"
"655";"Electronic Steel Sausages";"21442";"Toys";"949.00"
"656";"Sleek Frozen Gloves";"89873";"Shoes";"503.00"
"657";"Modern Soft Shoes";"21778";"Clothing";"893.00"
"658";"Intelligent Steel Chips";"43437";"Automotive";"375.00"
"659";"Rustic Concrete Tuna";"39392";"Kids";"648.00"
"660";"Generic Fresh Computer";"35405";"Games";"498.00"
"661";"Bespoke Steel Hat";"90608";"Tools";"531.00"
"662";"Intelligent Granite Salad";"04958";"Movies";"219.00"
"663";"Bespoke Wooden Soap";"28917";"Beauty";"656.00"
"664";"Rustic Bronze Sausages";"97963";"Kids";"714.00"
"665";"Intelligent Fresh Bike";"78290";"Shoes";"660.00"
"666";"Modern Bronze Computer";"09086";"Health";"985.00"
"667";"Generic Rubber Hat";"03059";"Automotive";"274.00"
"668";"Handmade Metal Soap";"10067";"Health";"256.00"
"669";"Tasty Steel Tuna";"27769";"Garden";"536.00"
"670";"Modern Granite Soap";"67925";"Clothing";"10.00"
"671";"Tasty Bronze Sausages";"99654";"Books";"236.00"
"672";"Bespoke Bronze Cheese";"19400";"Books";"65.00"
"673";"Intelligent Fresh Cheese";"71611";"Outdoors";"112.00"
"674";"Modern Wooden Car";"59314";"Home";"290.00"
"675";"Oriental Wooden Computer";"34643";"Tools";"604.00"
"676";"Small Bronze Pants";"06825";"Toys";"151.00"
"677";"Small Steel Ball";"04776";"Electronics";"341.00"
"678";"Intelligent Soft Bike";"98218";"Health";"236.00"
"679";"Fantastic Bronze Soap";"77570";"Sports";"915.00"
"680";"Refined Cotton Bike";"07368";"Garden";"93.00"
"681";"Unbranded Concrete Soap";"30330";"Automotive";"341.00"
"682";"Unbranded Plastic Keyboard";"08617";"Grocery";"591.00"
"683";"Electronic Rubber Chair";"77371";"Baby";"590.00"
"684";"Tasty Soft Car";"22669";"Outdoors";"489.00"
"685";"Rustic Soft Hat";"24926";"Sports";"37.00"
"686";"Small Fresh Hat";"92155";"Tools";"348.00"
"687";"Elegant Bronze Shirt";"88432";"Tools";"635.00"
"688";"Incredible Metal Shirt";"54957";"Electronics";"69.00"
"689";"Modern Concrete Gloves";"39985";"Grocery";"884.00"
"690";"Elegant Fresh Sausages";"15850";"Kids";"680.00"
"691";"Small Frozen Hat";"73898";"Industrial";"224.00"
"692";"Practical Fresh Salad";"28396";"Automotive";"271.00"
"693";"Luxurious Soft Mouse";"67931";"Shoes";"513.00"
"694";"Gorgeous Soft Towels";"85102";"Home";"124.00"
"695";"Recycled Rubber Pizza";"61815";"Garden";"971.00"
"696";"Awesome Granite Mouse";"85377";"Shoes";"796.00"
"697";"Refined Cotton Ball";"94215";"Tools";"497.00"
"698";"Ergonomic Steel Shoes";"19264";"Electronics";"628.00"
"699";"Sleek Bronze Shoes";"88247";"Clothing";"97.00"
"700";"Handcrafted Granite Chicken";"64459";"Books";"61.00"
"701";"Unbranded Cotton Pants";"08971";"Health";"673.00"
"702";"Elegant Plastic Mouse";"23784";"Movies";"451.00"
"703";"Modern Frozen Gloves";"93142";"Sports";"968.00"
"704";"Handcrafted Granite Cheese";"09005";"Movies";"458.00"
"705";"Gorgeous Rubber Fish";"09357";"Home";"881.00"
"706";"Generic Rubber Bacon";"10627";"Clothing";"898.00"
"707";"Fantastic Concrete Salad";"97328";"Toys";"350.00"
"708";"Oriental Soft Gloves";"01232";"Games";"332.00"
"709";"Awesome Rubber Car";"82876";"Health";"447.00"
"710";"Unbranded Metal Car";"64871";"Automotive";"649.00"
"711";"Intelligent Cotton Pants";"81566";"Beauty";"479.00"
"712";"Luxurious Wooden Pizza";"54794";"Jewelery";"326.00"
"713";"Recycled Rubber Bacon";"19485";"Automotive";"726.00"
"714";"Recycled Rubber Hat";"66160";"Jewelery";"17.00"
"715";"Intelligent Fresh Soap";"29712";"Music";"292.00"
"716";"Fantastic Fresh Fish";"85466";"Sports";"549.00"
"717";"Oriental Granite Soap";"27746";"Books";"506.00"
"718";"Rustic Bronze Chips";"14144";"Grocery";"549.00"
"719";"Oriental Granite Tuna";"58344";"Toys";"833.00"
"720";"Ergonomic Rubber Cheese";"22872";"Music";"114.00"
"721";"Generic Wooden Keyboard";"27123";"Shoes";"474.00"
"722";"Bespoke Rubber Shirt";"51170";"Kids";"318.00"
"723";"Refined Plastic Ball";"59869";"Toys";"285.00"
"724";"Licensed Fresh Shoes";"32587";"Outdoors";"345.00"
"725";"Modern Cotton Sausages";"12139";"Games";"621.00"
"726";"Gorgeous Steel Mouse";"14320";"Garden";"473.00"
"727";"Ergonomic Metal Chips";"25363";"Movies";"582.00"
"728";"Bespoke Metal Fish";"76037";"Garden";"42.00"
"729";"Rustic Rubber Chicken";"73487";"Outdoors";"706.00"
"730";"Handcrafted Fresh Gloves";"73973";"Music";"444.00"
"731";"Practical Metal Pizza";"41016";"Electronics";"223.00"
"732";"Elegant Steel Hat";"65229";"Electronics";"682.00"
"733";"Tasty Frozen Salad";"60619";"Health";"209.00"
"734";"Practical Granite Ball";"05096";"Games";"743.00"
"735";"Small Steel Hat";"89421";"Automotive";"45.00"
"736";"Generic Bronze Pizza";"15747";"Computers";"619.00"
"737";"Intelligent Metal Chicken";"55879";"Electronics";"534.00"
"738";"Oriental Fresh Computer";"30506";"Health";"29.00"
"739";"Handmade Bronze Car";"53708";"Baby";"716.00"
"740";"Rustic Frozen Bacon";"22201";"Health";"981.00"
"741";"Generic Steel Pizza";"94335";"Home";"702.00"
"742";"Elegant Soft Tuna";"13622";"Shoes";"285.00"
"743";"Handmade Plastic Chicken";"30811";"Automotive";"951.00"
"744";"Awesome Fresh Table";"45834";"Baby";"171.00"
"745";"Recycled Concrete Chicken";"98105";"Industrial";"86.00"
"746";"Bespoke Soft Fish";"44870";"Toys";"940.00"
"747";"Elegant Fresh Chips";"83554";"Books";"220.00"
"748";"Rustic Wooden Bacon";"46603";"Books";"454.00"
"749";"Handcrafted Concrete Bacon";"62036";"Books";"596.00"
"750";"Ergonomic Cotton Shirt";"60364";"Toys";"408.00"
"751";"Refined Steel Soap";"18063";"Beauty";"169.00"
"752";"Electronic Granite Gloves";"88233";"Shoes";"511.00"
"753";"Small Bronze Cheese";"84893";"Books";"994.00"
"754";"Handcrafted Granite Salad";"62503";"Shoes";"142.00"
"755";"Practical Fresh Tuna";"95335";"Garden";"374.00"
"756";"Refined Granite Chicken";"85910";"Movies";"881.00"
"757";"Fantastic Plastic Computer";"15996";"Automotive";"120.00"
"758";"Unbranded Steel Salad";"83869";"Automotive";"285.00"
"759";"Oriental Frozen Table";"92465";"Tools";"763.00"
"760";"Sleek Rubber Bike";"60118";"Electronics";"416.00"
"761";"Bespoke Steel Chair";"87725";"Beauty";"574.00"
"762";"Fantastic Wooden Salad";"07200";"Movies";"842.00"
"763";"Handcrafted Soft Keyboard";"05662";"Industrial";"667.00"
"764";"Electronic Rubber Pizza";"01963";"Tools";"281.00"
"765";"Small Metal Soap";"13979";"Kids";"856.00"
"766";"Handmade Granite Ball";"78136";"Outdoors";"891.00"
"767";"Luxurious Plastic Soap";"28895";"Movies";"896.00"
"768";"Modern Cotton Shoes";"38344";"Sports";"31.00"
"769";"Incredible Granite Computer";"55418";"Home";"461.00"
"770";"Incredible Metal Sausages";"41851";"Outdoors";"721.00"
"771";"Bespoke Fresh Keyboard";"85163";"Music";"845.00"
"772";"Rustic Plastic Shirt";"02840";"Automotive";"105.00"
"773";"Awesome Frozen Salad";"57779";"Toys";"688.00"
"774";"Handcrafted Frozen Mouse";"55154";"Tools";"905.00"
"775";"Luxurious Wooden Bike";"77430";"Jewelery";"401.00"
"776";"Generic Bronze Pizza";"86822";"Baby";"108.00"
"777";"Licensed Fresh Keyboard";"15573";"Baby";"704.00"
"778";"Tasty Bronze Sausages";"49933";"Toys";"588.00"
"779";"Small Steel Salad";"47749";"Clothing";"629.00"
"780";"Sleek Rubber Fish";"92565";"Music";"438.00"
"781";"Incredible Metal Shoes";"83464";"Jewelery";"212.00"
"782";"Licensed Bronze Bike";"28662";"Movies";"590.00"
"783";"Practical Granite Shoes";"62324";"Industrial";"442.00"
"784";"Refined Plastic Bacon";"05194";"Beauty";"881.00"
"785";"Rustic Granite Chair";"87598";"Industrial";"526.00"
"786";"Handmade Soft Soap";"16034";"Books";"505.00"
"787";"Gorgeous Wooden Table";"80073";"Garden";"208.00"
"788";"Gorgeous Soft Chair";"79577";"Shoes";"388.00"
"789";"Sleek Fresh Table";"20726";"Tools";"93.00"
"790";"Fantastic Rubber Computer";"85722";"Outdoors";"976.00"
"791";"Unbranded Steel Sausages";"51562";"Tools";"458.00"
"792";"Intelligent Soft Bacon";"13295";"Garden";"543.00"
"793";"Small Rubber Soap";"45393";"Clothing";"715.00"
"794";"Oriental Plastic Chips";"70731";"Movies";"219.00"
"795";"Tasty Metal Computer";"29246";"Clothing";"192.00"
"796";"Refined Granite Towels";"77085";"Industrial";"204.00"
"797";"Modern Fresh Shoes";"78627";"Kids";"142.00"
"798";"Modern Fresh Keyboard";"71396";"Clothing";"227.00"
"799";"Recycled Cotton Pants";"55894";"Industrial";"260.00"
"800";"Awesome Cotton Table";"99982";"Movies";"285.00"
"801";"Licensed Frozen Car";"99695";"Baby";"670.00"
"802";"Gorgeous Plastic Tuna";"17355";"Toys";"393.00"
"803";"Licensed Granite Towels";"10221";"Electronics";"340.00"
"804";"Elegant Granite Soap";"92833";"Baby";"872.00"
"805";"Refined Frozen Bacon";"39637";"Games";"331.00"
"806";"Modern Fresh Pizza";"01530";"Health";"699.00"
"807";"Gorgeous Rubber Cheese";"62809";"Electronics";"765.00"
"808";"Tasty Fresh Towels";"33764";"Beauty";"196.00"
"809";"Sleek Cotton Shoes";"42945";"Computers";"478.00"
"810";"Tasty Concrete Table";"92629";"Music";"334.00"
"811";"Bespoke Frozen Towels";"74680";"Clothing";"88.00"
"812";"Luxurious Soft Fish";"95285";"Sports";"886.00"
"813";"Unbranded Rubber Shoes";"67150";"Toys";"490.00"
"814";"Intelligent Granite Salad";"95459";"Beauty";"253.00"
"815";"Handmade Soft Salad";"31300";"Industrial";"185.00"
"816";"Gorgeous Concrete Shoes";"62338";"Automotive";"64.00"
"817";"Elegant Soft Hat";"07493";"Books";"882.00"
"818";"Elegant Rubber Chicken";"34759";"Automotive";"355.00"
"819";"Gorgeous Bronze Keyboard";"04540";"Baby";"611.00"
"820";"Generic Concrete Hat";"27569";"Baby";"803.00"
"821";"Elegant Concrete Chips";"20180";"Automotive";"465.00"
"822";"Generic Plastic Salad";"89034";"Health";"13.00"
"823";"Sleek Wooden Pants";"79425";"Sports";"400.00"
"824";"Ergonomic Cotton Pizza";"16033";"Shoes";"851.00"
"825";"Tasty Soft Chips";"75583";"Music";"886.00"
"826";"Generic Wooden Chicken";"68140";"Grocery";"469.00"
"827";"Unbranded Soft Shirt";"51534";"Shoes";"646.00"
"828";"Luxurious Concrete Chips";"64862";"Music";"776.00"
"829";"Handcrafted Fresh Gloves";"45680";"Beauty";"337.00"
"830";"Modern Granite Pants";"34314";"Jewelery";"478.00"
"831";"Licensed Rubber Pants";"56291";"Books";"334.00"
"832";"Modern Plastic Fish";"13435";"Industrial";"287.00"
"833";"Tasty Wooden Car";"25042";"Tools";"658.00"
"834";"Intelligent Cotton Bike";"65282";"Health";"866.00"
"835";"Handcrafted Plastic Chair";"89984";"Sports";"940.00"
"836";"Unbranded Rubber Hat";"77092";"Grocery";"160.00"
"837";"Fantastic Bronze Computer";"35149";"Toys";"864.00"
"838";"Electronic Rubber Soap";"68864";"Shoes";"615.00"
"839";"Handmade Metal Ball";"89743";"Beauty";"169.00"
"840";"Licensed Metal Tuna";"02243";"Tools";"36.00"
"841";"Recycled Soft Shirt";"75552";"Beauty";"954.00"
"842";"Refined Frozen Hat";"88201";"Electronics";"721.00"
"843";"Unbranded Plastic Salad";"99562";"Kids";"680.00"
"844";"Luxurious Soft Tuna";"18581";"Music";"701.00"
"845";"Luxurious Granite Gloves";"83070";"Toys";"279.00"
"846";"Ergonomic Metal Computer";"73641";"Sports";"17.00"
"847";"Luxurious Plastic Computer";"75646";"Garden";"398.00"
"848";"Bespoke Steel Bacon";"96053";"Jewelery";"133.00"
"849";"Refined Granite Pizza";"22652";"Shoes";"979.00"
"850";"Oriental Cotton Bacon";"09067";"Toys";"8.00"
"851";"Unbranded Bronze Shoes";"92393";"Clothing";"523.00"
"852";"Handcrafted Cotton Chicken";"24101";"Computers";"871.00"
"853";"Bespoke Concrete Computer";"05650";"Music";"483.00"
"854";"Handcrafted Concrete Shirt";"05173";"Kids";"787.00"
"855";"Awesome Granite Soap";"23613";"Toys";"158.00"
"856";"Sleek Rubber Chicken";"46104";"Books";"529.00"
"857";"Incredible Wooden Soap";"61672";"Baby";"594.00"
"858";"Gorgeous Metal Computer";"82185";"Clothing";"800.00"
"859";"Licensed Bronze Pizza";"88085";"Sports";"838.00"
"860";"Practical Cotton Towels";"88410";"Music";"650.00"
"861";"Tasty Steel Fish";"37060";"Computers";"962.00"
"862";"Electronic Granite Table";"53140";"Shoes";"443.00"
"863";"Awesome Frozen Hat";"99197";"Garden";"195.00"
"864";"Tasty Steel Bacon";"93226";"Jewelery";"278.00"
"865";"Generic Soft Table";"17367";"Electronics";"385.00"
"866";"Small Wooden Gloves";"95523";"Jewelery";"214.00"
"867";"Handmade Rubber Pants";"93189";"Toys";"496.00"
"868";"Modern Granite Bike";"64096";"Outdoors";"174.00"
"869";"Practical Fresh Mouse";"43807";"Home";"662.00"
"870";"Licensed Plastic Towels";"60611";"Home";"241.00"
"871";"Awesome Rubber Hat";"46009";"Outdoors";"668.00"
"872";"Luxurious Granite Chips";"53324";"Baby";"4.00"
"873";"Intelligent Soft Fish";"56448";"Music";"129.00"
"874";"Recycled Frozen Chips";"44290";"Computers";"84.00"
"875";"Electronic Steel Car";"79148";"Computers";"93.00"
"876";"Incredible Wooden Shoes";"63705";"Grocery";"846.00"
"877";"Gorgeous Plastic Chicken";"72556";"Home";"188.00"
"878";"Awesome Metal Pizza";"06207";"Shoes";"500.00"
"879";"Small Fresh Towels";"17210";"Sports";"468.00"
"880";"Generic Cotton Towels";"88438";"Movies";"523.00"
"881";"Awesome Soft Ball";"25437";"Clothing";"590.00"
"882";"Handmade Bronze Tuna";"57199";"Sports";"289.00"
"883";"Incredible Granite Table";"38568";"Grocery";"662.00"
"884";"Elegant Plastic Tuna";"30334";"Electronics";"287.00"
"885";"Luxurious Granite Shirt";"13835";"Clothing";"214.00"
"886";"Ergonomic Bronze Salad";"29473";"Tools";"1.00"
"887";"Oriental Concrete Chips";"85277";"Garden";"827.00"
"888";"Luxurious Frozen Keyboard";"29821";"Games";"871.00"
"889";"Intelligent Rubber Chicken";"25788";"Outdoors";"189.00"
"890";"Gorgeous Cotton Car";"75991";"Tools";"550.00"
"891";"Small Steel Mouse";"13764";"Baby";"862.00"
"892";"Licensed Granite Fish";"74502";"Jewelery";"99.00"
"893";"Ergonomic Concrete Gloves";"05098";"Tools";"729.00"
"894";"Recycled Granite Mouse";"45708";"Games";"835.00"
"895";"Generic Plastic Gloves";"33368";"Kids";"526.00"
"896";"Bespoke Granite Keyboard";"97836";"Books";"713.00"
"897";"Fantastic Soft Table";"48952";"Tools";"216.00"
"898";"Recycled Steel Table";"07811";"Electronics";"832.00"
"899";"Elegant Plastic Fish";"66075";"Computers";"972.00"
"900";"Incredible Steel Chips";"10196";"Health";"619.00"
"901";"Small Plastic Table";"59621";"Jewelery";"30.00"
"902";"Ergonomic Concrete Hat";"36171";"Baby";"696.00"
"903";"Fantastic Metal Tuna";"88492";"Beauty";"255.00"
"904";"Small Bronze Pizza";"57067";"Baby";"158.00"
"905";"Sleek Soft Gloves";"19212";"Music";"15.00"
"906";"Bespoke Steel Tuna";"53441";"Kids";"289.00"
"907";"Modern Concrete Keyboard";"58256";"Kids";"450.00"
"908";"Awesome Plastic Towels";"66690";"Kids";"191.00"
"909";"Handmade Soft Fish";"81490";"Games";"481.00"
"910";"Modern Plastic Bike";"61427";"Games";"614.00"
"911";"Unbranded Concrete Chicken";"89487";"Toys";"208.00"
"912";"Refined Granite Ball";"85891";"Computers";"736.00"
"913";"Electronic Soft Shoes";"25543";"Computers";"176.00"
"914";"Oriental Rubber Soap";"61018";"Clothing";"780.00"
"915";"Unbranded Bronze Chicken";"23631";"Toys";"779.00"
"916";"Ergonomic Cotton Pizza";"67782";"Clothing";"499.00"
"917";"Sleek Plastic Keyboard";"51083";"Computers";"918.00"
"918";"Elegant Soft Keyboard";"92561";"Grocery";"491.00"
"919";"Luxurious Steel Computer";"21049";"Home";"325.00"
"920";"Awesome Granite Shoes";"71234";"Electronics";"884.00"
"921";"Refined Concrete Fish";"11318";"Baby";"882.00"
"922";"Intelligent Cotton Bike";"79829";"Electronics";"862.00"
"923";"Gorgeous Bronze Salad";"74305";"Games";"451.00"
"924";"Elegant Cotton Shirt";"07551";"Beauty";"566.00"
"925";"Ergonomic Steel Shoes";"73500";"Industrial";"881.00"
"926";"Incredible Granite Sausages";"33445";"Books";"51.00"
"927";"Incredible Bronze Gloves";"22769";"Games";"874.00"
"928";"Licensed Cotton Hat";"00491";"Jewelery";"405.00"
"929";"Fantastic Plastic Chair";"57459";"Games";"968.00"
"930";"Handmade Fresh Towels";"93998";"Computers";"418.00"
"931";"Bespoke Frozen Bacon";"47516";"Sports";"706.00"
"932";"Elegant Soft Mouse";"48470";"Beauty";"986.00"
"933";"Intelligent Steel Chair";"11561";"Jewelery";"197.00"
"934";"Recycled Fresh Shirt";"01478";"Shoes";"452.00"
"935";"Sleek Fresh Table";"16371";"Tools";"453.00"
"936";"Recycled Bronze Hat";"82437";"Industrial";"247.00"
"937";"Tasty Fresh Gloves";"89978";"Clothing";"360.00"
"938";"Modern Soft Ball";"44275";"Tools";"800.00"
"939";"Tasty Bronze Bike";"50753";"Baby";"889.00"
"940";"Incredible Steel Pizza";"18230";"Games";"44.00"
"941";"Awesome Granite Bike";"51586";"Tools";"483.00"
"942";"Oriental Rubber Towels";"03913";"Computers";"175.00"
"943";"Practical Frozen Keyboard";"87050";"Kids";"848.00"
"944";"Refined Frozen Bike";"62990";"Clothing";"218.00"
"945";"Fantastic Bronze Chips";"69375";"Tools";"808.00"
"946";"Rustic Frozen Keyboard";"17327";"Kids";"755.00"
"947";"Recycled Frozen Pants";"94767";"Shoes";"824.00"
"948";"Awesome Metal Bike";"01104";"Music";"957.00"
"949";"Elegant Fresh Tuna";"85543";"Shoes";"249.00"
"950";"Licensed Granite Chips";"56549";"Outdoors";"22.00"
"951";"Intelligent Bronze Car";"20079";"Movies";"458.00"
"952";"Awesome Frozen Shirt";"40322";"Tools";"820.00"
"953";"Practical Metal Ball";"83625";"Health";"998.00"
"954";"Gorgeous Bronze Bacon";"67184";"Books";"42.00"
"955";"Luxurious Soft Pants";"96603";"Shoes";"836.00"
"956";"Bespoke Plastic Bacon";"60623";"Tools";"504.00"
"957";"Licensed Wooden Ball";"32498";"Sports";"799.00"
"958";"Practical Plastic Chair";"80012";"Home";"447.00"
"959";"Rustic Granite Shirt";"34865";"Clothing";"689.00"
"960";"Bespoke Granite Gloves";"73583";"Grocery";"82.00"
"961";"Small Frozen Salad";"45769";"Beauty";"596.00"
"962";"Handmade Concrete Mouse";"58119";"Music";"278.00"
"963";"Tasty Frozen Tuna";"51762";"Tools";"300.00"
"964";"Handcrafted Concrete Tuna";"76461";"Movies";"474.00"
"965";"Tasty Bronze Fish";"48748";"Automotive";"862.00"
"966";"Elegant Metal Computer";"56860";"Baby";"87.00"
"967";"Bespoke Concrete Hat";"66573";"Health";"240.00"
"968";"Practical Granite Table";"20929";"Garden";"720.00"
"969";"Unbranded Concrete Shoes";"29595";"Movies";"949.00"
"970";"Elegant Concrete Table";"45239";"Tools";"36.00"
"971";"Unbranded Bronze Salad";"27150";"Music";"127.00"
"972";"Incredible Plastic Car";"01015";"Sports";"586.00"
"973";"Ergonomic Fresh Pants";"28785";"Garden";"377.00"
"974";"Elegant Bronze Shoes";"89545";"Baby";"791.00"
"975";"Modern Rubber Chips";"69773";"Shoes";"428.00"
"976";"Awesome Wooden Keyboard";"43290";"Jewelery";"309.00"
"977";"Licensed Bronze Salad";"55377";"Kids";"662.00"
"978";"Incredible Wooden Tuna";"39482";"Games";"883.00"
"979";"Incredible Frozen Chips";"75634";"Outdoors";"685.00"
"980";"Practical Wooden Pants";"58266";"Sports";"924.00"
"981";"Practical Rubber Chair";"28156";"Automotive";"215.00"
"982";"Oriental Plastic Ball";"91932";"Outdoors";"720.00"
"983";"Luxurious Metal Fish";"10132";"Books";"836.00"
"984";"Ergonomic Steel Pants";"36353";"Outdoors";"120.00"
"985";"Incredible Plastic Ball";"53831";"Health";"961.00"
"986";"Refined Steel Bike";"29783";"Industrial";"591.00"
"987";"Electronic Rubber Ball";"43955";"Industrial";"584.00"
"988";"Unbranded Rubber Car";"32175";"Garden";"218.00"
"989";"Practical Cotton Mouse";"02156";"Computers";"567.00"
"990";"Electronic Soft Salad";"41050";"Games";"772.00"
"991";"Gorgeous Concrete Fish";"48585";"Music";"484.00"
"992";"Elegant Plastic Pizza";"63599";"Automotive";"162.00"
"993";"Modern Soft Salad";"53477";"Electronics";"348.00"
"994";"Recycled Rubber Keyboard";"46044";"Jewelery";"563.00"
"995";"Recycled Steel Salad";"90535";"Automotive";"36.00"
"996";"Rustic Soft Sausages";"86642";"Tools";"769.00"
"997";"Practical Frozen Chips";"01930";"Computers";"234.00"
"998";"Recycled Bronze Ball";"44614";"Automotive";"743.00"
"999";"Awesome Granite Chips";"00225";"Jewelery";"467.00"
"1000";"Recycled Granite Keyboard";"60940";"Industrial";"169.00"